{"RuleTriggered": 0, "Violations": 0, "Details": {"pin_memory": false, "num_workers": 0, "cores": 36, "dataloaders": 1, "dataloading_time": {"p25": 0.0219115, "p50": 0.0222035, "p95": 0.02426635, "probs": [1, 0, 0, 0, 0, 0, 0, 0, 0, 0, 0, 0, 0, 0, 0, 0, 0, 0, 0, 0, 0, 0, 0, 0, 0, 0, 0, 0, 0, 0, 0, 0, 0, 0, 0, 0, 0, 0, 0, 0, 0, 0, 0, 0, 0, 0, 0, 0, 0, 0, 0, 0, 0, 0, 0, 0, 0, 0, 0, 0, 0, 0, 0, 0, 0, 0, 0, 0, 0, 0, 0, 0, 0, 0, 0, 0, 0, 0, 0, 0, 0, 0, 0, 0, 2, 1, 2, 2, 0, 0, 0, 0, 0, 0, 0, 1, 0, 0, 0, 1], "binedges": [0.006742, 0.00692074, 0.00709948, 0.00727822, 0.0074569599999999995, 0.0076357, 0.007814439999999999, 0.007993179999999999, 0.00817192, 0.00835066, 0.0085294, 0.00870814, 0.00888688, 0.00906562, 0.00924436, 0.0094231, 0.00960184, 0.00978058, 0.00995932, 0.01013806, 0.010316800000000001, 0.01049554, 0.010674280000000001, 0.01085302, 0.01103176, 0.0112105, 0.01138924, 0.01156798, 0.01174672, 0.011925459999999999, 0.012104199999999999, 0.01228294, 0.01246168, 0.01264042, 0.01281916, 0.0129979, 0.01317664, 0.01335538, 0.01353412, 0.01371286, 0.0138916, 0.01407034, 0.01424908, 0.014427820000000001, 0.014606560000000001, 0.0147853, 0.01496404, 0.01514278, 0.01532152, 0.01550026, 0.015679, 0.015857740000000002, 0.01603648, 0.016215220000000002, 0.01639396, 0.016572700000000003, 0.01675144, 0.016930180000000003, 0.01710892, 0.01728766, 0.0174664, 0.01764514, 0.01782388, 0.01800262, 0.01818136, 0.0183601, 0.01853884, 0.01871758, 0.01889632, 0.01907506, 0.0192538, 0.019432539999999998, 0.019611280000000002, 0.01979002, 0.019968760000000002, 0.0201475, 0.020326240000000002, 0.02050498, 0.020683720000000003, 0.02086246, 0.021041200000000003, 0.02121994, 0.021398680000000003, 0.02157742, 0.02175616, 0.0219349, 0.02211364, 0.02229238, 0.022471120000000004, 0.02264986, 0.022828599999999998, 0.02300734, 0.023186079999999998, 0.02336482, 0.023543559999999998, 0.0237223, 0.02390104, 0.024079780000000002, 0.02425852, 0.024437260000000002, 0.024616]}}, "Datapoints": 10, "RuleParameters": "min_threshold:70\nmax_threshold:200"}