{"RuleTriggered": 0, "Violations": 0, "Details": {"step_num": {"first": 1668602012515290, "last": 1668604174122838}, "job_start": 1668601933.500786, "job_end": 1668604199.501311}, "Datapoints": 85, "RuleParameters": "threshold:20"}