{"RuleTriggered": 0, "Violations": 0, "Details": {"ratio": {"cpu_functions": 100.0}, "phase": {"Step:ModeKeys.GLOBAL": 117.23238231839133, "others": -17.232382318391334}, "phase_time": {}, "general": {"DataLoaderIterInitialize": 0.009160750328587266, "Forward": 99.98168978830161, "DataLoaderIter": 0.009149461369800438}, "CPU": {"dropout": 3.4151211760815157, "matmul": 10.135229136896887, "mm": 25.951709708020747, "NativeLayerNormBackward": 7.344824190708264, "native_layer_norm_backward": 7.342933231325913, "MmBackward": 17.17461237608686, "GeluBackward": 14.317989489758693, "gelu_backward": 14.317580691121142}, "CPU_total": {"dropout": 9640565, "matmul": 28610796, "mm": 73259229, "NativeLayerNormBackward": 20733746, "native_layer_norm_backward": 20728408, "MmBackward": 48482311, "GeluBackward": 40418334, "gelu_backward": 40417180}}, "Datapoints": 0, "RuleParameters": ""}